问题 ID,说明,状态,严重性,故事点,项目路径,位置种类,路径,折线图,列,事件 ID,帮助链接,程序集名称,程序集版本,程序集公钥,片段
NuGet.0002,建议升级 NuGet 包,Active,Potential,1,modules\Volo.Abp.Account\src\Volo.Abp.Account.Application.Contracts\Volo.Abp.Account.Application.Contracts.csproj,File,modules\Volo.Abp.Account\src\Volo.Abp.Account.Application.Contracts\Volo.Abp.Account.Application.Contracts.csproj,,,Microsoft.Extensions.FileProviders.Embedded 10.0.2,,,,,"Microsoft.Extensions.FileProviders.Embedded, 10.0.2  建议:  Remove Microsoft.Extensions.FileProviders.Embedded, and replace with new package Microsoft.Extensions.FileProviders.Embedded 10.0.3"
Project.0002,需要更改项目的目标框架,Active,Mandatory,1,modules\Volo.Abp.Account\src\Volo.Abp.Account.Application.Contracts\Volo.Abp.Account.Application.Contracts.csproj,File,modules\Volo.Abp.Account\src\Volo.Abp.Account.Application.Contracts\Volo.Abp.Account.Application.Contracts.csproj,,,,,,,,当前目标框架: netstandard2.0;netstandard2.1;net8.0;net9.0;net10.0 建议的目标框架: netstandard2.0;netstandard2.1;net8.0;net9.0;net10.0;net10.0
Project.0002,需要更改项目的目标框架,Active,Mandatory,1,modules\Volo.Abp.Account\src\Volo.Abp.Account.HttpApi.Client\Volo.Abp.Account.HttpApi.Client.csproj,File,modules\Volo.Abp.Account\src\Volo.Abp.Account.HttpApi.Client\Volo.Abp.Account.HttpApi.Client.csproj,,,,,,,,当前目标框架: netstandard2.0;netstandard2.1;net8.0;net9.0;net10.0 建议的目标框架: netstandard2.0;netstandard2.1;net8.0;net9.0;net10.0;net10.0
Project.0002,需要更改项目的目标框架,Active,Mandatory,1,modules\Volo.Abp.FeatureManagement\src\Volo.Abp.FeatureManagement.Application.Contracts\Volo.Abp.FeatureManagement.Application.Contracts.csproj,File,modules\Volo.Abp.FeatureManagement\src\Volo.Abp.FeatureManagement.Application.Contracts\Volo.Abp.FeatureManagement.Application.Contracts.csproj,,,,,,,,当前目标框架: netstandard2.0;netstandard2.1;net8.0;net9.0;net10.0 建议的目标框架: netstandard2.0;netstandard2.1;net8.0;net9.0;net10.0;net10.0
Project.0002,需要更改项目的目标框架,Active,Mandatory,1,modules\Volo.Abp.FeatureManagement\src\Volo.Abp.FeatureManagement.Domain\Volo.Abp.FeatureManagement.Domain.csproj,File,modules\Volo.Abp.FeatureManagement\src\Volo.Abp.FeatureManagement.Domain\Volo.Abp.FeatureManagement.Domain.csproj,,,,,,,,当前目标框架: netstandard2.0;netstandard2.1;net8.0;net9.0;net10.0 建议的目标框架: netstandard2.0;netstandard2.1;net8.0;net9.0;net10.0;net10.0
Api.0002,Source incompatible for selected .NET version,Active,Potential,1,modules\Volo.Abp.FeatureManagement\src\Volo.Abp.FeatureManagement.Domain\Volo.Abp.FeatureManagement.Domain.csproj,File,modules\Volo.Abp.FeatureManagement\src\Volo.Abp.FeatureManagement.Domain\Volo\Abp\FeatureManagement\FeatureDynamicInitializer.cs,97,8,M:System.TimeSpan.FromSeconds(System.Double),,,,,"await Policy              .Handle<Exception>()              .WaitAndRetryAsync(                  8,                  retryAttempt => TimeSpan.FromSeconds(                      Volo.Abp.RandomHelper.GetRandom(                          (int)Math.Pow(2, retryAttempt) * 8,                          (int)Math.Pow(2, retryAttempt) * 12)                  )              )              .ExecuteAsync(async _ =>              {                  try                  {                      await staticFeatureSaver.SaveAsync();                  }                  catch (Exception ex)                  {                      Logger.LogException(ex);                      throw; // Polly will catch it                  }              }, cancellationToken);"
Api.0002,Source incompatible for selected .NET version,Active,Potential,1,modules\Volo.Abp.FeatureManagement\src\Volo.Abp.FeatureManagement.Domain\Volo.Abp.FeatureManagement.Domain.csproj,File,modules\Volo.Abp.FeatureManagement\src\Volo.Abp.FeatureManagement.Domain\Volo\Abp\FeatureManagement\StaticFeatureSaver.cs,143,8,M:System.TimeSpan.FromDays(System.Double),,,,,"await Cache.SetStringAsync(              cacheKey,              currentHash,              new DistributedCacheEntryOptions {                  SlidingExpiration = TimeSpan.FromDays(30) //TODO: Make it configurable?              },              CancellationTokenProvider.Token          );"
Api.0002,Source incompatible for selected .NET version,Active,Potential,1,modules\Volo.Abp.FeatureManagement\src\Volo.Abp.FeatureManagement.Domain\Volo.Abp.FeatureManagement.Domain.csproj,File,modules\Volo.Abp.FeatureManagement\src\Volo.Abp.FeatureManagement.Domain\Volo\Abp\FeatureManagement\StaticFeatureSaver.cs,115,24,M:System.TimeSpan.FromDays(System.Double),,,,,"await Cache.SetStringAsync(                              GetCommonStampCacheKey(),                              Guid.NewGuid().ToString(),                              new DistributedCacheEntryOptions {                                  SlidingExpiration = TimeSpan.FromDays(30) //TODO: Make it configurable?                              },                              CancellationTokenProvider.Token                          );"
Api.0002,Source incompatible for selected .NET version,Active,Potential,1,modules\Volo.Abp.FeatureManagement\src\Volo.Abp.FeatureManagement.Domain\Volo.Abp.FeatureManagement.Domain.csproj,File,modules\Volo.Abp.FeatureManagement\src\Volo.Abp.FeatureManagement.Domain\Volo\Abp\FeatureManagement\StaticFeatureSaver.cs,96,8,M:System.TimeSpan.FromMinutes(System.Double),,,,,"await using (var commonLockHandle = await DistributedLock.TryAcquireAsync(                           GetCommonDistributedLockKey(),                           TimeSpan.FromMinutes(5)))          {              if (commonLockHandle == null)              {                  /* It will re-try */                  throw new AbpException(""Could not acquire distributed lock for saving static features!"");              }                using (var unitOfWork = UnitOfWorkManager.Begin(requiresNew: true, isTransactional: true))              {                  try                  {                      var hasChangesInGroups = await UpdateChangedFeatureGroupsAsync(featureGroupRecords);                      var hasChangesInFeatures = await UpdateChangedFeaturesAsync(featureRecords);                        if (hasChangesInGroups ||hasChangesInFeatures)                      {                          await Cache.SetStringAsync(                              GetCommonStampCacheKey(),                              Guid.NewGuid().ToString(),                              new DistributedCacheEntryOptions {                                  SlidingExpiration = TimeSpan.FromDays(30) //TODO: Make it configurable?                              },                              CancellationTokenProvider.Token                          );                      }                  }                  catch                  {                      try                      {                          await unitOfWork.RollbackAsync();                      }                      catch                      {                          /* ignored */                      }                                            throw;                  }                    await unitOfWork.CompleteAsync();              }          }"
Api.0002,Source incompatible for selected .NET version,Active,Potential,1,modules\Volo.Abp.FeatureManagement\src\Volo.Abp.FeatureManagement.Domain\Volo.Abp.FeatureManagement.Domain.csproj,File,modules\Volo.Abp.FeatureManagement\src\Volo.Abp.FeatureManagement.Domain\Volo\Abp\FeatureManagement\DynamicFeatureDefinitionStore.cs,148,12,M:System.TimeSpan.FromDays(System.Double),,,,,"await DistributedCache.SetStringAsync(                  cacheKey,                  stampInDistributedCache,                  new DistributedCacheEntryOptions                  {                      SlidingExpiration = TimeSpan.FromDays(30) //TODO: Make it configurable?                  }              );"
Api.0002,Source incompatible for selected .NET version,Active,Potential,1,modules\Volo.Abp.FeatureManagement\src\Volo.Abp.FeatureManagement.Domain\Volo.Abp.FeatureManagement.Domain.csproj,File,modules\Volo.Abp.FeatureManagement\src\Volo.Abp.FeatureManagement.Domain\Volo\Abp\FeatureManagement\DynamicFeatureDefinitionStore.cs,129,8,M:System.TimeSpan.FromMinutes(System.Double),,,,,"await using (var commonLockHandle = await DistributedLock                           .TryAcquireAsync(GetCommonDistributedLockKey(), TimeSpan.FromMinutes(2)))          {              if (commonLockHandle == null)              {                  /* This request will fail */                  throw new AbpException(                      ""Could not acquire distributed lock for feature definition common stamp check!""                  );              }                stampInDistributedCache = await DistributedCache.GetStringAsync(cacheKey);              if (stampInDistributedCache != null)              {                  return stampInDistributedCache;              }                stampInDistributedCache = Guid.NewGuid().ToString();                await DistributedCache.SetStringAsync(                  cacheKey,                  stampInDistributedCache,                  new DistributedCacheEntryOptions                  {                      SlidingExpiration = TimeSpan.FromDays(30) //TODO: Make it configurable?                  }              );          }"
NuGet.0002,建议升级 NuGet 包,Active,Potential,1,modules\Volo.Abp.FeatureManagement\src\Volo.Abp.FeatureManagement.Domain.Shared\Volo.Abp.FeatureManagement.Domain.Shared.csproj,File,modules\Volo.Abp.FeatureManagement\src\Volo.Abp.FeatureManagement.Domain.Shared\Volo.Abp.FeatureManagement.Domain.Shared.csproj,,,Microsoft.Extensions.FileProviders.Embedded 10.0.2,,,,,"Microsoft.Extensions.FileProviders.Embedded, 10.0.2  建议:  Remove Microsoft.Extensions.FileProviders.Embedded, and replace with new package Microsoft.Extensions.FileProviders.Embedded 10.0.3"
Project.0002,需要更改项目的目标框架,Active,Mandatory,1,modules\Volo.Abp.FeatureManagement\src\Volo.Abp.FeatureManagement.Domain.Shared\Volo.Abp.FeatureManagement.Domain.Shared.csproj,File,modules\Volo.Abp.FeatureManagement\src\Volo.Abp.FeatureManagement.Domain.Shared\Volo.Abp.FeatureManagement.Domain.Shared.csproj,,,,,,,,当前目标框架: netstandard2.0;netstandard2.1;net8.0;net9.0;net10.0 建议的目标框架: netstandard2.0;netstandard2.1;net8.0;net9.0;net10.0;net10.0
Api.0003,Behavioral change in selected .NET version,Active,Potential,1,modules\Volo.Abp.FeatureManagement\src\Volo.Abp.FeatureManagement.Domain.Shared\Volo.Abp.FeatureManagement.Domain.Shared.csproj,File,modules\Volo.Abp.FeatureManagement\src\Volo.Abp.FeatureManagement.Domain.Shared\Volo\Abp\FeatureManagement\JsonConverters\SelectionStringValueItemSourceJsonConverter.cs,16,8,T:System.Text.Json.JsonDocument,,,,,var rootElement = JsonDocument.ParseValue(ref reader).RootElement;
Api.0003,Behavioral change in selected .NET version,Active,Potential,1,modules\Volo.Abp.FeatureManagement\src\Volo.Abp.FeatureManagement.Domain.Shared\Volo.Abp.FeatureManagement.Domain.Shared.csproj,File,modules\Volo.Abp.FeatureManagement\src\Volo.Abp.FeatureManagement.Domain.Shared\Volo\Abp\FeatureManagement\JsonConverters\SelectionStringValueItemSourceJsonConverter.cs,16,8,T:System.Text.Json.JsonDocument,,,,,var rootElement = JsonDocument.ParseValue(ref reader).RootElement;
Api.0003,Behavioral change in selected .NET version,Active,Potential,1,modules\Volo.Abp.FeatureManagement\src\Volo.Abp.FeatureManagement.Domain.Shared\Volo.Abp.FeatureManagement.Domain.Shared.csproj,File,modules\Volo.Abp.FeatureManagement\src\Volo.Abp.FeatureManagement.Domain.Shared\Volo\Abp\FeatureManagement\JsonConverters\StringValueTypeJsonConverter.cs,23,8,T:System.Text.Json.JsonDocument,,,,,var rootElement = JsonDocument.ParseValue(ref reader).RootElement;
Api.0003,Behavioral change in selected .NET version,Active,Potential,1,modules\Volo.Abp.FeatureManagement\src\Volo.Abp.FeatureManagement.Domain.Shared\Volo.Abp.FeatureManagement.Domain.Shared.csproj,File,modules\Volo.Abp.FeatureManagement\src\Volo.Abp.FeatureManagement.Domain.Shared\Volo\Abp\FeatureManagement\JsonConverters\StringValueTypeJsonConverter.cs,23,8,T:System.Text.Json.JsonDocument,,,,,var rootElement = JsonDocument.ParseValue(ref reader).RootElement;
Api.0003,Behavioral change in selected .NET version,Active,Potential,1,modules\Volo.Abp.FeatureManagement\src\Volo.Abp.FeatureManagement.Domain.Shared\Volo.Abp.FeatureManagement.Domain.Shared.csproj,File,modules\Volo.Abp.FeatureManagement\src\Volo.Abp.FeatureManagement.Domain.Shared\Volo\Abp\FeatureManagement\JsonConverters\ValueValidatorJsonConverter.cs,25,8,T:System.Text.Json.JsonDocument,,,,,var rootElement = JsonDocument.ParseValue(ref reader).RootElement;
Api.0003,Behavioral change in selected .NET version,Active,Potential,1,modules\Volo.Abp.FeatureManagement\src\Volo.Abp.FeatureManagement.Domain.Shared\Volo.Abp.FeatureManagement.Domain.Shared.csproj,File,modules\Volo.Abp.FeatureManagement\src\Volo.Abp.FeatureManagement.Domain.Shared\Volo\Abp\FeatureManagement\JsonConverters\ValueValidatorJsonConverter.cs,25,8,T:System.Text.Json.JsonDocument,,,,,var rootElement = JsonDocument.ParseValue(ref reader).RootElement;
Project.0002,需要更改项目的目标框架,Active,Mandatory,1,modules\Volo.Abp.FeatureManagement\src\Volo.Abp.FeatureManagement.HttpApi.Client\Volo.Abp.FeatureManagement.HttpApi.Client.csproj,File,modules\Volo.Abp.FeatureManagement\src\Volo.Abp.FeatureManagement.HttpApi.Client\Volo.Abp.FeatureManagement.HttpApi.Client.csproj,,,,,,,,当前目标框架: netstandard2.0;netstandard2.1;net8.0;net9.0;net10.0 建议的目标框架: netstandard2.0;netstandard2.1;net8.0;net9.0;net10.0;net10.0
Project.0002,需要更改项目的目标框架,Active,Mandatory,1,modules\Volo.Abp.FeatureManagement\src\Volo.Abp.FeatureManagement.MongoDB\Volo.Abp.FeatureManagement.MongoDB.csproj,File,modules\Volo.Abp.FeatureManagement\src\Volo.Abp.FeatureManagement.MongoDB\Volo.Abp.FeatureManagement.MongoDB.csproj,,,,,,,,当前目标框架: netstandard2.0;netstandard2.1;net8.0;net9.0;net10.0 建议的目标框架: netstandard2.0;netstandard2.1;net8.0;net9.0;net10.0;net10.0
Project.0002,需要更改项目的目标框架,Active,Mandatory,1,modules\Volo.Abp.Identity\src\Volo.Abp.Identity.Application.Contracts\Volo.Abp.Identity.Application.Contracts.csproj,File,modules\Volo.Abp.Identity\src\Volo.Abp.Identity.Application.Contracts\Volo.Abp.Identity.Application.Contracts.csproj,,,,,,,,当前目标框架: netstandard2.0;netstandard2.1;net8.0;net9.0;net10.0 建议的目标框架: netstandard2.0;netstandard2.1;net8.0;net9.0;net10.0;net10.0
NuGet.0002,建议升级 NuGet 包,Active,Potential,1,modules\Volo.Abp.Identity\src\Volo.Abp.Identity.Domain.Shared\Volo.Abp.Identity.Domain.Shared.csproj,File,modules\Volo.Abp.Identity\src\Volo.Abp.Identity.Domain.Shared\Volo.Abp.Identity.Domain.Shared.csproj,,,Microsoft.Extensions.FileProviders.Embedded 10.0.2,,,,,"Microsoft.Extensions.FileProviders.Embedded, 10.0.2  建议:  Remove Microsoft.Extensions.FileProviders.Embedded, and replace with new package Microsoft.Extensions.FileProviders.Embedded 10.0.3"
Project.0002,需要更改项目的目标框架,Active,Mandatory,1,modules\Volo.Abp.Identity\src\Volo.Abp.Identity.Domain.Shared\Volo.Abp.Identity.Domain.Shared.csproj,File,modules\Volo.Abp.Identity\src\Volo.Abp.Identity.Domain.Shared\Volo.Abp.Identity.Domain.Shared.csproj,,,,,,,,当前目标框架: netstandard2.0;netstandard2.1;net8.0;net9.0;net10.0 建议的目标框架: netstandard2.0;netstandard2.1;net8.0;net9.0;net10.0;net10.0
Project.0002,需要更改项目的目标框架,Active,Mandatory,1,modules\Volo.Abp.Identity\src\Volo.Abp.Identity.HttpApi.Client\Volo.Abp.Identity.HttpApi.Client.csproj,File,modules\Volo.Abp.Identity\src\Volo.Abp.Identity.HttpApi.Client\Volo.Abp.Identity.HttpApi.Client.csproj,,,,,,,,当前目标框架: netstandard2.0;netstandard2.1;net8.0;net9.0;net10.0 建议的目标框架: netstandard2.0;netstandard2.1;net8.0;net9.0;net10.0;net10.0
Project.0002,需要更改项目的目标框架,Active,Mandatory,1,modules\Volo.Abp.PermissionManagement\src\Volo.Abp.PermissionManagement.Application.Contracts\Volo.Abp.PermissionManagement.Application.Contracts.csproj,File,modules\Volo.Abp.PermissionManagement\src\Volo.Abp.PermissionManagement.Application.Contracts\Volo.Abp.PermissionManagement.Application.Contracts.csproj,,,,,,,,当前目标框架: netstandard2.0;netstandard2.1;net8.0;net9.0;net10.0 建议的目标框架: netstandard2.0;netstandard2.1;net8.0;net9.0;net10.0;net10.0
Project.0002,需要更改项目的目标框架,Active,Mandatory,1,modules\Volo.Abp.PermissionManagement\src\Volo.Abp.PermissionManagement.Domain\Volo.Abp.PermissionManagement.Domain.csproj,File,modules\Volo.Abp.PermissionManagement\src\Volo.Abp.PermissionManagement.Domain\Volo.Abp.PermissionManagement.Domain.csproj,,,,,,,,当前目标框架: netstandard2.0;netstandard2.1;net8.0;net9.0;net10.0 建议的目标框架: netstandard2.0;netstandard2.1;net8.0;net9.0;net10.0;net10.0
Api.0002,Source incompatible for selected .NET version,Active,Potential,1,modules\Volo.Abp.PermissionManagement\src\Volo.Abp.PermissionManagement.Domain\Volo.Abp.PermissionManagement.Domain.csproj,File,modules\Volo.Abp.PermissionManagement\src\Volo.Abp.PermissionManagement.Domain\Volo\Abp\PermissionManagement\DynamicPermissionDefinitionStore.cs,176,12,M:System.TimeSpan.FromDays(System.Double),,,,,"await DistributedCache.SetStringAsync(                  cacheKey,                  stampInDistributedCache,                  new DistributedCacheEntryOptions                  {                      SlidingExpiration = TimeSpan.FromDays(30) //TODO: Make it configurable?                  }              );"
Api.0002,Source incompatible for selected .NET version,Active,Potential,1,modules\Volo.Abp.PermissionManagement\src\Volo.Abp.PermissionManagement.Domain\Volo.Abp.PermissionManagement.Domain.csproj,File,modules\Volo.Abp.PermissionManagement\src\Volo.Abp.PermissionManagement.Domain\Volo\Abp\PermissionManagement\DynamicPermissionDefinitionStore.cs,157,8,M:System.TimeSpan.FromMinutes(System.Double),,,,,"await using (var commonLockHandle = await DistributedLock                           .TryAcquireAsync(GetCommonDistributedLockKey(), TimeSpan.FromMinutes(2)))          {              if (commonLockHandle == null)              {                  /* This request will fail */                  throw new AbpException(                      ""Could not acquire distributed lock for permission definition common stamp check!""                  );              }                stampInDistributedCache = await DistributedCache.GetStringAsync(cacheKey);              if (stampInDistributedCache != null)              {                  return stampInDistributedCache;              }                stampInDistributedCache = Guid.NewGuid().ToString();                await DistributedCache.SetStringAsync(                  cacheKey,                  stampInDistributedCache,                  new DistributedCacheEntryOptions                  {                      SlidingExpiration = TimeSpan.FromDays(30) //TODO: Make it configurable?                  }              );          }"
Api.0002,Source incompatible for selected .NET version,Active,Potential,1,modules\Volo.Abp.PermissionManagement\src\Volo.Abp.PermissionManagement.Domain\Volo.Abp.PermissionManagement.Domain.csproj,File,modules\Volo.Abp.PermissionManagement\src\Volo.Abp.PermissionManagement.Domain\Volo\Abp\PermissionManagement\PermissionDynamicInitializer.cs,97,8,M:System.TimeSpan.FromSeconds(System.Double),,,,,"await Policy              .Handle<Exception>()              .WaitAndRetryAsync(                  8,                  retryAttempt => TimeSpan.FromSeconds(                      Volo.Abp.RandomHelper.GetRandom(                          (int)Math.Pow(2, retryAttempt) * 8,                          (int)Math.Pow(2, retryAttempt) * 12)                  )              )              .ExecuteAsync(async _ =>              {                  try                  {                      await staticPermissionSaver.SaveAsync();                  }                  catch (Exception ex)                  {                      Logger.LogException(ex);                        throw; // Polly will catch it                  }              }, cancellationToken);"
Api.0002,Source incompatible for selected .NET version,Active,Potential,1,modules\Volo.Abp.PermissionManagement\src\Volo.Abp.PermissionManagement.Domain\Volo.Abp.PermissionManagement.Domain.csproj,File,modules\Volo.Abp.PermissionManagement\src\Volo.Abp.PermissionManagement.Domain\Volo\Abp\PermissionManagement\StaticPermissionSaver.cs,161,8,M:System.TimeSpan.FromDays(System.Double),,,,,"await Cache.SetStringAsync(              cacheKey,              currentHash,              new DistributedCacheEntryOptions {                  SlidingExpiration = TimeSpan.FromDays(30) //TODO: Make it configurable?              },              CancellationTokenProvider.Token          );"
Api.0002,Source incompatible for selected .NET version,Active,Potential,1,modules\Volo.Abp.PermissionManagement\src\Volo.Abp.PermissionManagement.Domain\Volo.Abp.PermissionManagement.Domain.csproj,File,modules\Volo.Abp.PermissionManagement\src\Volo.Abp.PermissionManagement.Domain\Volo\Abp\PermissionManagement\StaticPermissionSaver.cs,125,24,M:System.TimeSpan.FromDays(System.Double),,,,,"await Cache.SetStringAsync(                              GetCommonStampCacheKey(),                              Guid.NewGuid().ToString(),                              new DistributedCacheEntryOptions {                                  SlidingExpiration = TimeSpan.FromDays(30) //TODO: Make it configurable?                              },                              CancellationTokenProvider.Token                          );"
Api.0002,Source incompatible for selected .NET version,Active,Potential,1,modules\Volo.Abp.PermissionManagement\src\Volo.Abp.PermissionManagement.Domain\Volo.Abp.PermissionManagement.Domain.csproj,File,modules\Volo.Abp.PermissionManagement\src\Volo.Abp.PermissionManagement.Domain\Volo\Abp\PermissionManagement\StaticPermissionSaver.cs,105,8,M:System.TimeSpan.FromMinutes(System.Double),,,,,"await using (var commonLockHandle = await DistributedLock.TryAcquireAsync(                           GetCommonDistributedLockKey(),                           TimeSpan.FromMinutes(5)))          {              if (commonLockHandle == null)              {                  /* It will re-try */                  throw new AbpException(""Could not acquire distributed lock for saving static permissions!"");              }                var newOrChangedPermissions = new List<string>();              using (var unitOfWork = UnitOfWorkManager.Begin(requiresNew: true, isTransactional: true))              {                  try                  {                      var hasChangesInGroups = await UpdateChangedPermissionGroupsAsync(permissionGroupRecords);                      var hasChangesInPermissions = await UpdateChangedPermissionsAsync(permissionRecords, newOrChangedPermissions);                        if (hasChangesInGroups || hasChangesInPermissions)                      {                          await Cache.SetStringAsync(                              GetCommonStampCacheKey(),                              Guid.NewGuid().ToString(),                              new DistributedCacheEntryOptions {                                  SlidingExpiration = TimeSpan.FromDays(30) //TODO: Make it configurable?                              },                              CancellationTokenProvider.Token                          );                      }                  }                  catch                  {                      try                      {                          await unitOfWork.RollbackAsync();                      }                      catch                      {                          /* ignored */                      }                        throw;                  }                    if (newOrChangedPermissions.Any())                  {                      await DistributedEventBus.PublishAsync(new DynamicPermissionDefinitionsChangedEto                      {                          Permissions = newOrChangedPermissions.Distinct().ToList()                      });                  }                    await unitOfWork.CompleteAsync();              }          }"
Project.0002,需要更改项目的目标框架,Active,Mandatory,1,modules\Volo.Abp.Identity\src\Volo.Abp.PermissionManagement.Domain.Identity\Volo.Abp.PermissionManagement.Domain.Identity.csproj,File,modules\Volo.Abp.Identity\src\Volo.Abp.PermissionManagement.Domain.Identity\Volo.Abp.PermissionManagement.Domain.Identity.csproj,,,,,,,,当前目标框架: netstandard2.0;netstandard2.1;net8.0;net9.0;net10.0 建议的目标框架: netstandard2.0;netstandard2.1;net8.0;net9.0;net10.0;net10.0
NuGet.0002,建议升级 NuGet 包,Active,Potential,1,modules\Volo.Abp.PermissionManagement\src\Volo.Abp.PermissionManagement.Domain.Shared\Volo.Abp.PermissionManagement.Domain.Shared.csproj,File,modules\Volo.Abp.PermissionManagement\src\Volo.Abp.PermissionManagement.Domain.Shared\Volo.Abp.PermissionManagement.Domain.Shared.csproj,,,Microsoft.Extensions.FileProviders.Embedded 10.0.2,,,,,"Microsoft.Extensions.FileProviders.Embedded, 10.0.2  建议:  Remove Microsoft.Extensions.FileProviders.Embedded, and replace with new package Microsoft.Extensions.FileProviders.Embedded 10.0.3"
Project.0002,需要更改项目的目标框架,Active,Mandatory,1,modules\Volo.Abp.PermissionManagement\src\Volo.Abp.PermissionManagement.Domain.Shared\Volo.Abp.PermissionManagement.Domain.Shared.csproj,File,modules\Volo.Abp.PermissionManagement\src\Volo.Abp.PermissionManagement.Domain.Shared\Volo.Abp.PermissionManagement.Domain.Shared.csproj,,,,,,,,当前目标框架: netstandard2.0;netstandard2.1;net8.0;net9.0;net10.0 建议的目标框架: netstandard2.0;netstandard2.1;net8.0;net9.0;net10.0;net10.0
Project.0002,需要更改项目的目标框架,Active,Mandatory,1,modules\Volo.Abp.PermissionManagement\src\Volo.Abp.PermissionManagement.HttpApi.Client\Volo.Abp.PermissionManagement.HttpApi.Client.csproj,File,modules\Volo.Abp.PermissionManagement\src\Volo.Abp.PermissionManagement.HttpApi.Client\Volo.Abp.PermissionManagement.HttpApi.Client.csproj,,,,,,,,当前目标框架: netstandard2.0;netstandard2.1;net8.0;net9.0;net10.0 建议的目标框架: netstandard2.0;netstandard2.1;net8.0;net9.0;net10.0;net10.0
Project.0002,需要更改项目的目标框架,Active,Mandatory,1,modules\Volo.Abp.PermissionManagement\src\Volo.Abp.PermissionManagement.MongoDB\Volo.Abp.PermissionManagement.MongoDB.csproj,File,modules\Volo.Abp.PermissionManagement\src\Volo.Abp.PermissionManagement.MongoDB\Volo.Abp.PermissionManagement.MongoDB.csproj,,,,,,,,当前目标框架: netstandard2.0;netstandard2.1;net8.0;net9.0;net10.0 建议的目标框架: netstandard2.0;netstandard2.1;net8.0;net9.0;net10.0;net10.0
Project.0002,需要更改项目的目标框架,Active,Mandatory,1,modules\Volo.Abp.SettingManagement\src\Volo.Abp.SettingManagement.Application.Contracts\Volo.Abp.SettingManagement.Application.Contracts.csproj,File,modules\Volo.Abp.SettingManagement\src\Volo.Abp.SettingManagement.Application.Contracts\Volo.Abp.SettingManagement.Application.Contracts.csproj,,,,,,,,当前目标框架: netstandard2.0;netstandard2.1;net8.0;net9.0;net10.0 建议的目标框架: netstandard2.0;netstandard2.1;net8.0;net9.0;net10.0;net10.0
Project.0002,需要更改项目的目标框架,Active,Mandatory,1,modules\Volo.Abp.SettingManagement\src\Volo.Abp.SettingManagement.Domain\Volo.Abp.SettingManagement.Domain.csproj,File,modules\Volo.Abp.SettingManagement\src\Volo.Abp.SettingManagement.Domain\Volo.Abp.SettingManagement.Domain.csproj,,,,,,,,当前目标框架: netstandard2.0;netstandard2.1;net8.0;net9.0;net10.0 建议的目标框架: netstandard2.0;netstandard2.1;net8.0;net9.0;net10.0;net10.0
Api.0002,Source incompatible for selected .NET version,Active,Potential,1,modules\Volo.Abp.SettingManagement\src\Volo.Abp.SettingManagement.Domain\Volo.Abp.SettingManagement.Domain.csproj,File,modules\Volo.Abp.SettingManagement\src\Volo.Abp.SettingManagement.Domain\Volo\Abp\SettingManagement\DynamicSettingDefinitionStore.cs,139,12,M:System.TimeSpan.FromDays(System.Double),,,,,"await DistributedCache.SetStringAsync(                  cacheKey,                  stampInDistributedCache,                  new DistributedCacheEntryOptions                  {                      SlidingExpiration = TimeSpan.FromDays(30) //TODO: Make it configurable?                  }              );"
Api.0002,Source incompatible for selected .NET version,Active,Potential,1,modules\Volo.Abp.SettingManagement\src\Volo.Abp.SettingManagement.Domain\Volo.Abp.SettingManagement.Domain.csproj,File,modules\Volo.Abp.SettingManagement\src\Volo.Abp.SettingManagement.Domain\Volo\Abp\SettingManagement\DynamicSettingDefinitionStore.cs,121,8,M:System.TimeSpan.FromMinutes(System.Double),,,,,"await using (var commonLockHandle = await DistributedLock.TryAcquireAsync(GetCommonDistributedLockKey(), TimeSpan.FromMinutes(2)))          {              if (commonLockHandle == null)              {                  /* This request will fail */                  throw new AbpException(                      ""Could not acquire distributed lock for setting definition common stamp check!""                  );              }                stampInDistributedCache = await DistributedCache.GetStringAsync(cacheKey);              if (stampInDistributedCache != null)              {                  return stampInDistributedCache;              }                stampInDistributedCache = Guid.NewGuid().ToString();                await DistributedCache.SetStringAsync(                  cacheKey,                  stampInDistributedCache,                  new DistributedCacheEntryOptions                  {                      SlidingExpiration = TimeSpan.FromDays(30) //TODO: Make it configurable?                  }              );          }"
Api.0002,Source incompatible for selected .NET version,Active,Potential,1,modules\Volo.Abp.SettingManagement\src\Volo.Abp.SettingManagement.Domain\Volo.Abp.SettingManagement.Domain.csproj,File,modules\Volo.Abp.SettingManagement\src\Volo.Abp.SettingManagement.Domain\Volo\Abp\SettingManagement\SettingDynamicInitializer.cs,98,8,M:System.TimeSpan.FromSeconds(System.Double),,,,,"await Policy              .Handle<Exception>()              .WaitAndRetryAsync(                  8,                  retryAttempt => TimeSpan.FromSeconds(                      Volo.Abp.RandomHelper.GetRandom(                          (int)Math.Pow(2, retryAttempt) * 8,                          (int)Math.Pow(2, retryAttempt) * 12)                  )              )              .ExecuteAsync(async _ =>              {                  try                  {                      await staticSettingSaver.SaveAsync();                  }                  catch (Exception ex)                  {                      Logger.LogException(ex);                      throw; // Polly will catch it                  }              }, cancellationToken);"
Api.0002,Source incompatible for selected .NET version,Active,Potential,1,modules\Volo.Abp.SettingManagement\src\Volo.Abp.SettingManagement.Domain\Volo.Abp.SettingManagement.Domain.csproj,File,modules\Volo.Abp.SettingManagement\src\Volo.Abp.SettingManagement.Domain\Volo\Abp\SettingManagement\StaticSettingSaver.cs,130,8,M:System.TimeSpan.FromDays(System.Double),,,,,"await Cache.SetStringAsync(              cacheKey,              currentHash,              new DistributedCacheEntryOptions {                  SlidingExpiration = TimeSpan.FromDays(30) //TODO: Make it configurable?              },              CancellationTokenProvider.Token          );"
Api.0002,Source incompatible for selected .NET version,Active,Potential,1,modules\Volo.Abp.SettingManagement\src\Volo.Abp.SettingManagement.Domain\Volo.Abp.SettingManagement.Domain.csproj,File,modules\Volo.Abp.SettingManagement\src\Volo.Abp.SettingManagement.Domain\Volo\Abp\SettingManagement\StaticSettingSaver.cs,102,24,M:System.TimeSpan.FromDays(System.Double),,,,,"await Cache.SetStringAsync(                              GetCommonStampCacheKey(),                              Guid.NewGuid().ToString(),                              new DistributedCacheEntryOptions {                                  SlidingExpiration = TimeSpan.FromDays(30) //TODO: Make it configurable?                              },                              CancellationTokenProvider.Token                          );"
Api.0002,Source incompatible for selected .NET version,Active,Potential,1,modules\Volo.Abp.SettingManagement\src\Volo.Abp.SettingManagement.Domain\Volo.Abp.SettingManagement.Domain.csproj,File,modules\Volo.Abp.SettingManagement\src\Volo.Abp.SettingManagement.Domain\Volo\Abp\SettingManagement\StaticSettingSaver.cs,84,8,M:System.TimeSpan.FromMinutes(System.Double),,,,,"await using (var commonLockHandle = await DistributedLock.TryAcquireAsync(                           GetCommonDistributedLockKey(),                           TimeSpan.FromMinutes(5)))          {              if (commonLockHandle == null)              {                  /* It will re-try */                  throw new AbpException(""Could not acquire distributed lock for saving static Settings!"");              }                using (var unitOfWork = UnitOfWorkManager.Begin(requiresNew: true, isTransactional: true))              {                  try                  {                      var hasChangesInSettings = await UpdateChangedSettingsAsync(settingRecords);                        if (hasChangesInSettings)                      {                          await Cache.SetStringAsync(                              GetCommonStampCacheKey(),                              Guid.NewGuid().ToString(),                              new DistributedCacheEntryOptions {                                  SlidingExpiration = TimeSpan.FromDays(30) //TODO: Make it configurable?                              },                              CancellationTokenProvider.Token                          );                      }                  }                  catch                  {                      try                      {                          await unitOfWork.RollbackAsync();                      }                      catch                      {                          /* ignored */                      }                        throw;                  }                    await unitOfWork.CompleteAsync();              }          }"
NuGet.0002,建议升级 NuGet 包,Active,Potential,1,modules\Volo.Abp.SettingManagement\src\Volo.Abp.SettingManagement.Domain.Shared\Volo.Abp.SettingManagement.Domain.Shared.csproj,File,modules\Volo.Abp.SettingManagement\src\Volo.Abp.SettingManagement.Domain.Shared\Volo.Abp.SettingManagement.Domain.Shared.csproj,,,Microsoft.Extensions.FileProviders.Embedded 10.0.2,,,,,"Microsoft.Extensions.FileProviders.Embedded, 10.0.2  建议:  Remove Microsoft.Extensions.FileProviders.Embedded, and replace with new package Microsoft.Extensions.FileProviders.Embedded 10.0.3"
Project.0002,需要更改项目的目标框架,Active,Mandatory,1,modules\Volo.Abp.SettingManagement\src\Volo.Abp.SettingManagement.Domain.Shared\Volo.Abp.SettingManagement.Domain.Shared.csproj,File,modules\Volo.Abp.SettingManagement\src\Volo.Abp.SettingManagement.Domain.Shared\Volo.Abp.SettingManagement.Domain.Shared.csproj,,,,,,,,当前目标框架: netstandard2.0;netstandard2.1;net8.0;net9.0;net10.0 建议的目标框架: netstandard2.0;netstandard2.1;net8.0;net9.0;net10.0;net10.0
Project.0002,需要更改项目的目标框架,Active,Mandatory,1,modules\Volo.Abp.SettingManagement\src\Volo.Abp.SettingManagement.HttpApi.Client\Volo.Abp.SettingManagement.HttpApi.Client.csproj,File,modules\Volo.Abp.SettingManagement\src\Volo.Abp.SettingManagement.HttpApi.Client\Volo.Abp.SettingManagement.HttpApi.Client.csproj,,,,,,,,当前目标框架: netstandard2.0;netstandard2.1;net8.0;net9.0;net10.0 建议的目标框架: netstandard2.0;netstandard2.1;net8.0;net9.0;net10.0;net10.0
Project.0002,需要更改项目的目标框架,Active,Mandatory,1,modules\Volo.Abp.SettingManagement\src\Volo.Abp.SettingManagement.MongoDB\Volo.Abp.SettingManagement.MongoDB.csproj,File,modules\Volo.Abp.SettingManagement\src\Volo.Abp.SettingManagement.MongoDB\Volo.Abp.SettingManagement.MongoDB.csproj,,,,,,,,当前目标框架: netstandard2.0;netstandard2.1;net8.0;net9.0;net10.0 建议的目标框架: netstandard2.0;netstandard2.1;net8.0;net9.0;net10.0;net10.0
Project.0002,需要更改项目的目标框架,Active,Mandatory,1,modules\Volo.Abp.TenantManagement\src\Volo.Abp.TenantManagement.Application.Contracts\Volo.Abp.TenantManagement.Application.Contracts.csproj,File,modules\Volo.Abp.TenantManagement\src\Volo.Abp.TenantManagement.Application.Contracts\Volo.Abp.TenantManagement.Application.Contracts.csproj,,,,,,,,当前目标框架: netstandard2.0;netstandard2.1;net8.0;net9.0;net10.0 建议的目标框架: netstandard2.0;netstandard2.1;net8.0;net9.0;net10.0;net10.0
NuGet.0002,建议升级 NuGet 包,Active,Potential,1,modules\Volo.Abp.TenantManagement\src\Volo.Abp.TenantManagement.Domain.Shared\Volo.Abp.TenantManagement.Domain.Shared.csproj,File,modules\Volo.Abp.TenantManagement\src\Volo.Abp.TenantManagement.Domain.Shared\Volo.Abp.TenantManagement.Domain.Shared.csproj,,,Microsoft.Extensions.FileProviders.Embedded 10.0.2,,,,,"Microsoft.Extensions.FileProviders.Embedded, 10.0.2  建议:  Remove Microsoft.Extensions.FileProviders.Embedded, and replace with new package Microsoft.Extensions.FileProviders.Embedded 10.0.3"
Project.0002,需要更改项目的目标框架,Active,Mandatory,1,modules\Volo.Abp.TenantManagement\src\Volo.Abp.TenantManagement.Domain.Shared\Volo.Abp.TenantManagement.Domain.Shared.csproj,File,modules\Volo.Abp.TenantManagement\src\Volo.Abp.TenantManagement.Domain.Shared\Volo.Abp.TenantManagement.Domain.Shared.csproj,,,,,,,,当前目标框架: netstandard2.0;netstandard2.1;net8.0;net9.0;net10.0 建议的目标框架: netstandard2.0;netstandard2.1;net8.0;net9.0;net10.0;net10.0
Project.0002,需要更改项目的目标框架,Active,Mandatory,1,modules\Volo.Abp.TenantManagement\src\Volo.Abp.TenantManagement.HttpApi.Client\Volo.Abp.TenantManagement.HttpApi.Client.csproj,File,modules\Volo.Abp.TenantManagement\src\Volo.Abp.TenantManagement.HttpApi.Client\Volo.Abp.TenantManagement.HttpApi.Client.csproj,,,,,,,,当前目标框架: netstandard2.0;netstandard2.1;net8.0;net9.0;net10.0 建议的目标框架: netstandard2.0;netstandard2.1;net8.0;net9.0;net10.0;net10.0
